id_cliente,fecha_emision,fecha_vencimiento,consumo_kwh,monto_total,monto_pagado,estado_pago,dias_mora
CL0001,2024-01-02,2024-02-01,345.48,64.36,37.51,Pendiente,949
CL0001,2024-02-04,2024-03-05,564.06,94.26,82.91,Pagado,0
CL0001,2024-03-09,2024-04-08,446.12,84.03,44.31,Pendiente,882
CL0001,2024-04-05,2024-05-05,596.24,105.02,54.19,Pendiente,855
CL0001,2024-05-07,2024-06-06,626.44,108.29,66.99,Pendiente,823
CL0001,2024-06-04,2024-07-04,690.42,124.27,77.54,Pendiente,795
CL0002,2024-01-06,2024-02-05,802.54,196.69,154.65,Pendiente,945
CL0002,2024-02-08,2024-03-09,481.57,128.32,123.46,Pagado,0
CL0002,2024-03-07,2024-04-06,370.63,89.76,82.68,Pagado,0
CL0002,2024-04-05,2024-05-05,214.0,65.79,51.03,Pendiente,855
CL0002,2024-05-02,2024-06-01,504.51,130.12,69.08,Pendiente,828
CL0002,2024-06-06,2024-07-06,601.11,148.39,97.02,Pendiente,793
CL0003,2024-01-03,2024-02-02,295.58,94.7,77.14,Pagado,0
CL0003,2024-02-05,2024-03-06,355.28,89.6,56.45,Pendiente,915
CL0003,2024-03-05,2024-04-04,237.41,67.03,58.17,Pagado,0
CL0003,2024-04-04,2024-05-04,287.27,79.74,49.32,Pendiente,856
CL0003,2024-05-04,2024-06-03,722.47,169.26,95.67,Pendiente,826
CL0003,2024-06-03,2024-07-03,567.97,146.82,115.77,Pendiente,796
CL0004,2024-01-08,2024-02-07,539.73,110.57,68.29,Pendiente,943
CL0004,2024-02-09,2024-03-10,510.53,101.72,71.01,Pendiente,911
CL0004,2024-03-05,2024-04-04,487.58,80.68,78.7,Pagado,0
CL0004,2024-04-04,2024-05-04,668.68,128.73,124.53,Pagado,0
CL0004,2024-05-03,2024-06-02,444.29,76.77,67.65,Pagado,0
CL0004,2024-06-08,2024-07-08,329.97,64.4,44.87,Pendiente,791
CL0005,2024-01-04,2024-02-03,583.31,134.71,112.87,Pagado,0
CL0005,2024-02-08,2024-03-09,425.08,117.16,63.67,Pendiente,912
CL0005,2024-03-06,2024-04-05,331.06,100.27,97.79,Pagado,0
CL0005,2024-04-09,2024-05-09,508.57,126.54,70.68,Pendiente,851
CL0005,2024-05-08,2024-06-07,429.59,121.79,66.13,Pendiente,822
CL0005,2024-06-08,2024-07-08,318.81,92.44,63.81,Pendiente,791
CL0006,2024-01-03,2024-02-02,662.41,131.32,115.65,Pagado,0
CL0006,2024-02-01,2024-03-02,246.13,64.11,36.71,Pendiente,919
CL0006,2024-03-04,2024-04-03,419.31,99.57,95.06,Pagado,0
CL0006,2024-04-06,2024-05-06,617.02,125.86,102.11,Pagado,0
CL0006,2024-05-05,2024-06-04,499.18,104.32,83.86,Pagado,0
CL0006,2024-06-08,2024-07-08,538.16,111.6,101.07,Pagado,0
CL0007,2024-01-06,2024-02-05,406.52,101.43,55.23,Pendiente,945
CL0007,2024-02-05,2024-03-06,313.68,97.93,94.09,Pagado,0
CL0007,2024-03-03,2024-04-02,860.19,211.99,115.06,Pendiente,888
CL0007,2024-04-02,2024-05-02,310.18,81.54,43.06,Pendiente,858
CL0007,2024-05-06,2024-06-05,226.92,78.02,56.02,Pendiente,824
CL0007,2024-06-07,2024-07-07,575.77,153.97,125.3,Pagado,0
CL0008,2024-01-03,2024-02-02,500.15,131.96,83.03,Pendiente,948
CL0008,2024-02-06,2024-03-07,358.09,117.72,74.5,Pendiente,914
CL0008,2024-03-03,2024-04-02,561.01,154.21,93.5,Pendiente,888
CL0008,2024-04-09,2024-05-09,673.59,194.13,97.88,Pendiente,851
CL0008,2024-05-03,2024-06-02,635.53,184.91,155.27,Pagado,0
CL0008,2024-05-31,2024-06-30,440.95,125.43,120.67,Pagado,0
CL0009,2024-01-10,2024-02-09,309.44,73.95,46.8,Pendiente,941
CL0009,2024-02-09,2024-03-10,329.73,71.72,64.06,Pagado,0
CL0009,2024-03-08,2024-04-07,825.88,163.66,84.59,Pendiente,883
CL0009,2024-04-07,2024-05-07,776.37,157.71,99.37,Pendiente,853
CL0009,2024-05-07,2024-06-06,612.12,123.1,104.56,Pagado,0
CL0009,2024-05-31,2024-06-30,701.69,143.79,72.08,Pendiente,799
CL0010,2024-01-07,2024-02-06,839.02,159.33,135.54,Pagado,0
CL0010,2024-02-05,2024-03-06,424.95,102.58,55.67,Pendiente,915
CL0010,2024-03-04,2024-04-03,751.96,162.27,121.07,Pendiente,887
CL0010,2024-04-04,2024-05-04,208.74,44.02,40.89,Pagado,0
CL0010,2024-05-02,2024-06-01,573.24,131.18,87.94,Pendiente,828
CL0010,2024-06-07,2024-07-07,365.2,71.37,58.73,Pagado,0
CL0011,2024-01-02,2024-02-01,308.74,77.61,61.6,Pendiente,949
CL0011,2024-02-07,2024-03-08,267.47,72.27,36.96,Pendiente,913
CL0011,2024-03-03,2024-04-02,271.84,72.51,65.23,Pagado,0
CL0011,2024-04-07,2024-05-07,548.2,105.25,104.02,Pagado,0
CL0011,2024-05-03,2024-06-02,266.74,63.03,43.8,Pendiente,827
CL0011,2024-06-05,2024-07-05,433.25,83.56,67.76,Pagado,0
CL0012,2024-01-08,2024-02-07,174.91,35.13,23.28,Pendiente,943
CL0012,2024-02-07,2024-03-08,764.69,129.67,107.28,Pagado,0
CL0012,2024-03-07,2024-04-06,173.21,54.91,47.61,Pagado,0
CL0012,2024-04-09,2024-05-09,866.16,136.23,109.3,Pagado,0
CL0012,2024-05-09,2024-06-08,595.14,99.35,83.57,Pagado,0
CL0012,2024-06-02,2024-07-02,802.19,134.65,131.03,Pagado,0
CL0013,2024-01-06,2024-02-05,467.11,91.31,55.43,Pendiente,945
CL0013,2024-02-05,2024-03-06,832.32,134.07,108.87,Pagado,0
CL0013,2024-03-08,2024-04-07,373.43,68.87,48.35,Pendiente,883
CL0013,2024-04-05,2024-05-05,638.42,112.1,83.05,Pendiente,855
CL0013,2024-05-06,2024-06-05,247.82,61.29,52.53,Pagado,0
CL0013,2024-06-06,2024-07-06,756.99,140.78,77.06,Pendiente,793
CL0014,2024-01-07,2024-02-06,502.61,120.25,76.25,Pendiente,944
CL0014,2024-02-09,2024-03-10,298.09,64.3,55.05,Pagado,0
CL0014,2024-03-02,2024-04-01,686.26,141.91,98.03,Pendiente,889
CL0014,2024-04-08,2024-05-08,669.79,131.95,88.15,Pendiente,852
CL0014,2024-05-04,2024-06-03,488.19,110.26,106.95,Pagado,0
CL0014,2024-06-02,2024-07-02,202.22,42.63,36.6,Pagado,0
CL0015,2024-01-04,2024-02-03,446.44,73.81,71.51,Pagado,0
CL0015,2024-02-05,2024-03-06,379.25,80.89,52.72,Pendiente,915
CL0015,2024-03-05,2024-04-04,527.43,102.78,77.91,Pendiente,886
CL0015,2024-04-03,2024-05-03,664.48,128.53,112.11,Pagado,0
CL0015,2024-05-06,2024-06-05,559.54,98.2,96.09,Pagado,0
CL0015,2024-06-07,2024-07-07,184.79,34.88,31.98,Pagado,0
CL0016,2024-01-02,2024-02-01,706.13,195.85,176.33,Pagado,0
CL0016,2024-02-01,2024-03-02,795.45,217.49,152.15,Pendiente,919
CL0016,2024-03-05,2024-04-04,198.45,69.8,40.8,Pendiente,886
CL0016,2024-04-02,2024-05-02,445.86,132.22,108.39,Pagado,0
CL0016,2024-05-01,2024-05-31,442.8,131.31,124.83,Pagado,0
CL0016,2024-06-08,2024-07-08,341.51,90.42,83.78,Pagado,0
CL0017,2024-01-03,2024-02-02,618.35,121.18,118.58,Pagado,0
CL0017,2024-02-01,2024-03-02,295.31,50.88,43.29,Pagado,0
CL0017,2024-03-02,2024-04-01,368.3,83.06,56.55,Pendiente,889
CL0017,2024-04-08,2024-05-08,553.65,110.41,83.79,Pendiente,852
CL0017,2024-05-05,2024-06-04,338.22,61.4,57.64,Pagado,0
CL0017,2024-06-08,2024-07-08,286.94,58.87,51.82,Pagado,0
CL0018,2024-01-09,2024-02-08,831.64,202.98,149.5,Pendiente,942
CL0018,2024-02-01,2024-03-02,513.06,130.94,106.14,Pagado,0
CL0018,2024-03-07,2024-04-06,683.12,157.09,78.93,Pendiente,884
CL0018,2024-04-04,2024-05-04,401.56,107.95,106.71,Pagado,0
CL0018,2024-05-02,2024-06-01,605.32,159.66,101.78,Pendiente,828
CL0018,2024-05-31,2024-06-30,742.84,186.31,110.87,Pendiente,799
CL0019,2024-01-08,2024-02-07,182.9,38.54,33.94,Pagado,0
CL0019,2024-02-01,2024-03-02,780.56,143.34,130.63,Pagado,0
CL0019,2024-03-06,2024-04-05,657.66,119.34,62.39,Pendiente,885
CL0019,2024-04-05,2024-05-05,567.55,103.32,101.36,Pagado,0
CL0019,2024-05-03,2024-06-02,470.62,96.71,83.18,Pagado,0
CL0019,2024-06-06,2024-07-06,324.34,67.06,66.56,Pagado,0
CL0020,2024-01-05,2024-02-04,183.85,74.4,49.04,Pendiente,946
CL0020,2024-02-03,2024-03-04,761.49,203.26,165.98,Pagado,0
CL0020,2024-03-02,2024-04-01,199.94,72.69,37.57,Pendiente,889
CL0020,2024-04-01,2024-05-01,474.24,139.56,129.17,Pagado,0
CL0020,2024-05-07,2024-06-06,346.17,116.4,88.84,Pendiente,823
CL0020,2024-06-04,2024-07-04,284.14,99.47,76.04,Pendiente,795
CL0021,2024-01-09,2024-02-08,271.09,76.62,45.93,Pendiente,942
CL0021,2024-02-05,2024-03-06,652.24,170.95,87.49,Pendiente,915
CL0021,2024-03-09,2024-04-08,464.28,121.53,120.17,Pagado,0
CL0021,2024-04-07,2024-05-07,350.13,116.79,102.83,Pagado,0
CL0021,2024-05-03,2024-06-02,804.46,211.52,201.86,Pagado,0
CL0021,2024-06-06,2024-07-06,500.52,131.78,110.56,Pagado,0
CL0022,2024-01-05,2024-02-04,444.11,105.52,90.72,Pagado,0
CL0022,2024-02-07,2024-03-08,595.63,148.61,90.56,Pendiente,913
CL0022,2024-03-09,2024-04-08,656.84,174.24,149.96,Pagado,0
CL0022,2024-04-01,2024-05-01,473.75,133.93,95.17,Pendiente,859
CL0022,2024-05-03,2024-06-02,460.51,125.45,72.54,Pendiente,827
CL0022,2024-06-07,2024-07-07,536.25,123.14,95.53,Pendiente,792
CL0023,2024-01-06,2024-02-05,298.31,93.8,63.57,Pendiente,945
CL0023,2024-02-06,2024-03-07,262.08,84.32,57.24,Pendiente,914
CL0023,2024-03-03,2024-04-02,439.51,103.22,59.02,Pendiente,888
CL0023,2024-04-01,2024-05-01,599.34,137.27,104.07,Pendiente,859
CL0023,2024-05-03,2024-06-02,383.9,102.56,96.61,Pagado,0
CL0023,2024-06-04,2024-07-04,845.7,214.87,127.23,Pendiente,795
CL0024,2024-01-07,2024-02-06,623.49,155.93,115.9,Pendiente,944
CL0024,2024-02-07,2024-03-08,305.18,75.31,56.59,Pendiente,913
CL0024,2024-03-05,2024-04-04,711.95,180.29,159.17,Pagado,0
CL0024,2024-04-01,2024-05-01,283.7,85.98,46.03,Pendiente,859
CL0024,2024-05-07,2024-06-06,578.61,138.84,118.75,Pagado,0
CL0024,2024-06-03,2024-07-03,583.71,156.87,91.0,Pendiente,796
CL0025,2024-01-10,2024-02-09,457.92,89.18,57.27,Pendiente,941
CL0025,2024-02-04,2024-03-05,682.85,121.02,115.63,Pagado,0
CL0025,2024-03-07,2024-04-06,309.84,70.9,54.3,Pendiente,884
CL0025,2024-04-07,2024-05-07,307.22,71.89,36.16,Pendiente,853
CL0025,2024-05-03,2024-06-02,187.13,38.65,24.51,Pendiente,827
CL0025,2024-06-01,2024-07-01,622.61,99.96,97.1,Pagado,0
CL0026,2024-01-03,2024-02-02,317.48,86.03,66.86,Pendiente,948
CL0026,2024-02-07,2024-03-08,414.7,111.63,81.35,Pendiente,913
CL0026,2024-03-05,2024-04-04,677.36,156.95,97.34,Pendiente,886
CL0026,2024-04-01,2024-05-01,200.16,55.04,54.96,Pagado,0
CL0026,2024-05-09,2024-06-08,310.47,79.66,71.69,Pagado,0
CL0026,2024-06-01,2024-07-01,415.02,98.62,98.49,Pagado,0
CL0027,2024-01-07,2024-02-06,657.95,161.75,138.52,Pagado,0
CL0027,2024-02-09,2024-03-10,588.81,158.21,130.02,Pagado,0
CL0027,2024-03-06,2024-04-05,670.96,165.02,155.5,Pagado,0
CL0027,2024-04-03,2024-05-03,478.41,133.85,119.4,Pagado,0
CL0027,2024-05-02,2024-06-01,669.47,177.04,157.29,Pagado,0
CL0027,2024-06-02,2024-07-02,486.98,128.59,106.26,Pagado,0
CL0028,2024-01-09,2024-02-08,678.02,198.41,113.02,Pendiente,942
CL0028,2024-02-09,2024-03-10,278.23,81.1,77.04,Pagado,0
CL0028,2024-03-07,2024-04-06,597.69,173.51,93.37,Pendiente,884
CL0028,2024-04-01,2024-05-01,515.12,140.9,96.04,Pendiente,859
CL0028,2024-05-02,2024-06-01,513.04,143.06,124.97,Pagado,0
CL0028,2024-06-06,2024-07-06,616.31,182.67,162.55,Pagado,0
CL0029,2024-01-05,2024-02-04,723.75,119.69,72.59,Pendiente,946
CL0029,2024-02-02,2024-03-03,678.22,114.89,92.06,Pagado,0
CL0029,2024-03-06,2024-04-05,642.3,116.56,66.57,Pendiente,885
CL0029,2024-04-01,2024-05-01,748.28,129.36,109.07,Pagado,0
CL0029,2024-05-08,2024-06-07,339.82,58.93,38.38,Pendiente,822
CL0029,2024-06-05,2024-07-05,363.34,73.66,66.17,Pagado,0
CL0030,2024-01-07,2024-02-06,399.97,109.94,62.06,Pendiente,944
CL0030,2024-02-07,2024-03-08,773.4,211.94,143.05,Pendiente,913
CL0030,2024-03-07,2024-04-06,480.81,143.07,117.42,Pagado,0
CL0030,2024-04-02,2024-05-02,606.78,177.62,165.49,Pagado,0
CL0030,2024-05-05,2024-06-04,310.19,96.46,81.05,Pagado,0
CL0030,2024-06-01,2024-07-01,353.77,110.73,109.32,Pagado,0
CL0031,2024-01-04,2024-02-03,663.53,182.34,161.4,Pagado,0
CL0031,2024-02-03,2024-03-04,632.28,164.71,105.31,Pendiente,917
CL0031,2024-03-05,2024-04-04,342.61,109.53,69.88,Pendiente,886
CL0031,2024-04-01,2024-05-01,484.93,146.04,145.83,Pagado,0
CL0031,2024-05-05,2024-06-04,807.61,226.95,201.65,Pagado,0
CL0031,2024-06-08,2024-07-08,464.35,121.22,64.53,Pendiente,791
CL0032,2024-01-09,2024-02-08,376.22,76.91,42.08,Pendiente,942
CL0032,2024-02-06,2024-03-07,519.87,99.37,60.24,Pendiente,914
CL0032,2024-03-05,2024-04-04,442.43,98.36,84.49,Pagado,0
CL0032,2024-04-05,2024-05-05,556.76,118.92,92.69,Pendiente,855
CL0032,2024-05-09,2024-06-08,730.28,160.46,143.99,Pagado,0
CL0032,2024-06-04,2024-07-04,714.41,140.26,97.55,Pendiente,795
CL0033,2024-01-09,2024-02-08,262.57,70.92,53.63,Pendiente,942
CL0033,2024-02-06,2024-03-07,278.01,71.64,36.6,Pendiente,914
CL0033,2024-03-02,2024-04-01,303.75,61.26,32.72,Pendiente,889
CL0033,2024-04-09,2024-05-09,621.87,138.36,81.06,Pendiente,851
CL0033,2024-05-09,2024-06-08,795.03,151.92,113.84,Pendiente,821
CL0033,2024-06-04,2024-07-04,268.41,57.08,34.83,Pendiente,795
CL0034,2024-01-04,2024-02-03,412.18,119.65,88.79,Pendiente,947
CL0034,2024-02-04,2024-03-05,760.66,215.14,138.25,Pendiente,916
CL0034,2024-03-09,2024-04-08,430.39,115.99,72.41,Pendiente,882
CL0034,2024-04-09,2024-05-09,453.53,122.23,110.95,Pagado,0
CL0034,2024-05-07,2024-06-06,486.33,147.81,135.59,Pagado,0
CL0034,2024-06-06,2024-07-06,584.47,165.23,160.54,Pagado,0
CL0035,2024-01-05,2024-02-04,745.25,169.8,121.97,Pendiente,946
CL0035,2024-02-05,2024-03-06,694.49,168.02,105.41,Pendiente,915
CL0035,2024-03-03,2024-04-02,443.98,115.29,78.31,Pendiente,888
CL0035,2024-04-03,2024-05-03,256.26,68.82,41.29,Pendiente,857
CL0035,2024-05-01,2024-05-31,488.22,127.61,90.45,Pendiente,829
CL0035,2024-06-03,2024-07-03,630.91,162.21,150.33,Pagado,0
CL0036,2024-01-06,2024-02-05,579.88,95.03,86.44,Pagado,0
CL0036,2024-02-08,2024-03-09,531.48,88.3,49.4,Pendiente,912
CL0036,2024-03-03,2024-04-02,500.33,81.9,72.33,Pagado,0
CL0036,2024-04-03,2024-05-03,873.38,155.06,91.58,Pendiente,857
CL0036,2024-05-07,2024-06-06,512.6,92.98,53.74,Pendiente,823
CL0036,2024-06-07,2024-07-07,616.49,119.2,75.34,Pendiente,792
CL0037,2024-01-02,2024-02-01,227.43,48.03,26.37,Pendiente,949
CL0037,2024-02-07,2024-03-08,468.67,107.57,67.2,Pendiente,913
CL0037,2024-03-08,2024-04-07,418.57,80.93,78.37,Pagado,0
CL0037,2024-04-02,2024-05-02,270.71,72.85,58.09,Pendiente,858
CL0037,2024-05-08,2024-06-07,725.33,156.56,126.36,Pagado,0
CL0037,2024-06-06,2024-07-06,532.83,121.32,83.54,Pendiente,793
CL0038,2024-01-05,2024-02-04,221.66,62.56,43.2,Pendiente,946
CL0038,2024-02-01,2024-03-02,333.41,74.78,47.44,Pendiente,919
CL0038,2024-03-06,2024-04-05,679.6,134.55,81.07,Pendiente,885
CL0038,2024-04-05,2024-05-05,489.82,99.56,87.14,Pagado,0
CL0038,2024-05-07,2024-06-06,205.98,56.5,30.75,Pendiente,823
CL0038,2024-06-07,2024-07-07,447.22,102.96,79.58,Pendiente,792
CL0039,2024-01-05,2024-02-04,583.48,153.02,150.59,Pagado,0
CL0039,2024-02-03,2024-03-04,542.94,146.51,107.93,Pendiente,917
CL0039,2024-03-09,2024-04-08,650.66,172.66,161.62,Pagado,0
CL0039,2024-04-09,2024-05-09,790.27,211.03,175.58,Pagado,0
CL0039,2024-05-03,2024-06-02,644.04,189.0,179.03,Pagado,0
CL0039,2024-06-06,2024-07-06,480.0,125.3,116.51,Pagado,0
CL0040,2024-01-10,2024-02-09,558.11,98.5,59.11,Pendiente,941
CL0040,2024-02-03,2024-03-04,751.39,132.83,76.84,Pendiente,917
CL0040,2024-03-06,2024-04-05,412.41,89.59,87.02,Pagado,0
CL0040,2024-04-03,2024-05-03,335.39,78.31,58.8,Pendiente,857
CL0040,2024-05-09,2024-06-08,221.15,58.84,40.31,Pendiente,821
CL0040,2024-06-03,2024-07-03,210.88,38.08,28.11,Pendiente,796
CL0041,2024-01-09,2024-02-08,380.82,70.28,46.67,Pendiente,942
CL0041,2024-02-04,2024-03-05,330.46,63.02,35.95,Pendiente,916
CL0041,2024-03-02,2024-04-01,255.08,60.0,52.39,Pagado,0
CL0041,2024-04-07,2024-05-07,597.11,101.43,90.3,Pagado,0
CL0041,2024-05-03,2024-06-02,508.72,82.28,47.97,Pendiente,827
CL0041,2024-06-06,2024-07-06,717.3,130.21,100.17,Pendiente,793
CL0042,2024-01-05,2024-02-04,288.67,57.31,52.3,Pagado,0
CL0042,2024-02-05,2024-03-06,323.16,85.05,77.9,Pagado,0
CL0042,2024-03-04,2024-04-03,265.38,74.56,61.79,Pagado,0
CL0042,2024-04-03,2024-05-03,386.05,75.99,56.2,Pendiente,857
CL0042,2024-05-05,2024-06-04,507.68,118.22,66.22,Pendiente,825
CL0042,2024-06-07,2024-07-07,605.8,120.6,87.68,Pendiente,792
CL0043,2024-01-02,2024-02-01,427.33,127.1,82.88,Pendiente,949
CL0043,2024-02-05,2024-03-06,564.33,163.14,115.78,Pendiente,915
CL0043,2024-03-05,2024-04-04,477.04,147.19,110.86,Pendiente,886
CL0043,2024-04-09,2024-05-09,761.24,207.06,189.42,Pagado,0
CL0043,2024-05-05,2024-06-04,860.4,221.56,158.08,Pendiente,825
CL0043,2024-06-06,2024-07-06,480.36,140.22,139.7,Pagado,0
CL0044,2024-01-10,2024-02-09,429.8,89.65,58.94,Pendiente,941
CL0044,2024-02-01,2024-03-02,505.96,88.97,58.44,Pendiente,919
CL0044,2024-03-02,2024-04-01,632.62,106.38,69.87,Pendiente,889
CL0044,2024-04-07,2024-05-07,732.49,134.81,116.16,Pagado,0
CL0044,2024-05-09,2024-06-08,238.93,45.2,25.07,Pendiente,821
CL0044,2024-05-31,2024-06-30,469.37,86.35,77.64,Pagado,0
CL0045,2024-01-10,2024-02-09,263.19,59.56,55.27,Pagado,0
CL0045,2024-02-08,2024-03-09,526.94,115.98,58.65,Pendiente,912
CL0045,2024-03-08,2024-04-07,304.7,84.68,81.89,Pagado,0
CL0045,2024-04-02,2024-05-02,617.12,125.73,111.16,Pagado,0
CL0045,2024-05-09,2024-06-08,300.33,63.88,48.24,Pendiente,821
CL0045,2024-06-07,2024-07-07,630.02,139.4,81.64,Pendiente,792
CL0046,2024-01-10,2024-02-09,693.78,114.8,104.08,Pagado,0
CL0046,2024-02-05,2024-03-06,578.86,94.79,63.15,Pendiente,915
CL0046,2024-03-05,2024-04-04,780.43,137.86,84.59,Pendiente,886
CL0046,2024-04-02,2024-05-02,879.33,157.43,102.32,Pendiente,858
CL0046,2024-05-07,2024-06-06,677.99,114.93,67.15,Pendiente,823
CL0046,2024-06-07,2024-07-07,739.34,120.41,107.66,Pagado,0
CL0047,2024-01-06,2024-02-05,808.54,150.55,128.11,Pagado,0
CL0047,2024-02-05,2024-03-06,347.62,75.65,68.59,Pagado,0
CL0047,2024-03-05,2024-04-04,426.69,78.09,74.25,Pagado,0
CL0047,2024-04-08,2024-05-08,784.9,130.78,127.94,Pagado,0
CL0047,2024-05-07,2024-06-06,591.85,96.96,96.27,Pagado,0
CL0047,2024-06-05,2024-07-05,650.82,123.34,98.69,Pagado,0
CL0048,2024-01-02,2024-02-01,437.19,106.51,82.03,Pendiente,949
CL0048,2024-02-06,2024-03-07,463.88,98.46,76.25,Pendiente,914
CL0048,2024-03-04,2024-04-03,529.32,115.99,63.45,Pendiente,887
CL0048,2024-04-01,2024-05-01,765.77,146.74,118.29,Pagado,0
CL0048,2024-05-05,2024-06-04,764.36,153.71,100.94,Pendiente,825
CL0048,2024-06-03,2024-07-03,262.49,66.46,56.87,Pagado,0
CL0049,2024-01-05,2024-02-04,556.11,125.29,123.79,Pagado,0
CL0049,2024-02-03,2024-03-04,458.58,98.4,70.03,Pendiente,917
CL0049,2024-03-07,2024-04-06,414.19,86.84,69.42,Pendiente,884
CL0049,2024-04-03,2024-05-03,618.13,124.97,70.39,Pendiente,857
CL0049,2024-05-07,2024-06-06,345.57,69.64,38.34,Pendiente,823
CL0049,2024-05-31,2024-06-30,684.3,129.37,67.44,Pendiente,799
CL0050,2024-01-05,2024-02-04,565.48,114.02,101.46,Pagado,0
CL0050,2024-02-06,2024-03-07,561.88,115.93,98.05,Pagado,0
CL0050,2024-03-03,2024-04-02,876.89,181.82,161.91,Pagado,0
CL0050,2024-04-08,2024-05-08,458.46,101.27,68.01,Pendiente,852
CL0050,2024-05-02,2024-06-01,285.21,61.27,38.92,Pendiente,828
CL0050,2024-06-03,2024-07-03,598.78,129.24,126.41,Pagado,0
CL0051,2024-01-10,2024-02-09,642.01,152.75,90.23,Pendiente,941
CL0051,2024-02-01,2024-03-02,771.22,193.17,192.16,Pagado,0
CL0051,2024-03-08,2024-04-07,281.04,86.01,55.0,Pendiente,883
CL0051,2024-04-01,2024-05-01,231.21,75.47,48.25,Pendiente,859
CL0051,2024-05-01,2024-05-31,621.86,163.74,92.2,Pendiente,829
CL0051,2024-05-31,2024-06-30,506.33,127.27,92.75,Pendiente,799
CL0052,2024-01-06,2024-02-05,357.82,78.64,52.53,Pendiente,945
CL0052,2024-02-02,2024-03-03,726.08,155.7,130.39,Pagado,0
CL0052,2024-03-10,2024-04-09,346.36,76.88,69.58,Pagado,0
CL0052,2024-04-08,2024-05-08,467.9,103.22,84.55,Pagado,0
CL0052,2024-05-07,2024-06-06,313.19,72.33,65.39,Pagado,0
CL0052,2024-06-01,2024-07-01,859.36,178.5,116.67,Pendiente,798
CL0053,2024-01-07,2024-02-06,813.23,221.31,156.51,Pendiente,944
CL0053,2024-02-07,2024-03-08,236.37,86.84,55.29,Pendiente,913
CL0053,2024-03-08,2024-04-07,571.56,156.44,132.7,Pagado,0
CL0053,2024-04-01,2024-05-01,272.88,93.12,50.64,Pendiente,859
CL0053,2024-05-09,2024-06-08,577.74,158.35,111.44,Pendiente,821
CL0053,2024-06-06,2024-07-06,371.26,120.2,67.28,Pendiente,793
CL0054,2024-01-09,2024-02-08,706.86,183.24,100.1,Pendiente,942
CL0054,2024-02-03,2024-03-04,311.97,89.69,52.81,Pendiente,917
CL0054,2024-03-04,2024-04-03,422.44,117.36,80.36,Pendiente,887
CL0054,2024-04-04,2024-05-04,675.06,180.51,118.95,Pendiente,856
CL0054,2024-05-07,2024-06-06,667.86,192.26,189.19,Pagado,0
CL0054,2024-06-08,2024-07-08,429.52,135.13,115.53,Pagado,0
CL0055,2024-01-05,2024-02-04,326.76,72.04,43.24,Pendiente,946
CL0055,2024-02-09,2024-03-10,509.03,82.5,66.53,Pagado,0
CL0055,2024-03-06,2024-04-05,891.86,143.02,99.32,Pendiente,885
CL0055,2024-04-08,2024-05-08,588.84,111.44,110.34,Pagado,0
CL0055,2024-05-09,2024-06-08,320.38,58.87,54.73,Pagado,0
CL0055,2024-05-31,2024-06-30,597.6,97.07,55.65,Pendiente,799
CL0056,2024-01-04,2024-02-03,484.53,142.78,92.72,Pendiente,947
CL0056,2024-02-07,2024-03-08,678.48,179.63,128.03,Pendiente,913
CL0056,2024-03-06,2024-04-05,555.16,150.99,83.27,Pendiente,885
CL0056,2024-04-05,2024-05-05,337.3,111.79,100.34,Pagado,0
CL0056,2024-05-01,2024-05-31,733.97,207.01,110.6,Pendiente,829
CL0056,2024-06-06,2024-07-06,188.6,56.63,32.58,Pendiente,793
CL0057,2024-01-02,2024-02-01,268.84,95.09,53.21,Pendiente,949
CL0057,2024-02-03,2024-03-04,344.83,96.64,53.67,Pendiente,917
CL0057,2024-03-03,2024-04-02,237.69,74.49,37.65,Pendiente,888
CL0057,2024-04-09,2024-05-09,261.0,85.79,58.77,Pendiente,851
CL0057,2024-05-02,2024-06-01,229.59,71.55,41.01,Pendiente,828
CL0057,2024-06-04,2024-07-04,534.39,146.04,104.99,Pendiente,795
CL0058,2024-01-07,2024-02-06,605.05,179.99,158.84,Pagado,0
CL0058,2024-02-06,2024-03-07,821.07,227.81,127.91,Pendiente,914
CL0058,2024-03-03,2024-04-02,411.61,123.37,72.12,Pendiente,888
CL0058,2024-04-05,2024-05-05,227.37,74.03,53.21,Pendiente,855
CL0058,2024-05-01,2024-05-31,536.55,149.58,116.05,Pendiente,829
CL0058,2024-06-06,2024-07-06,604.09,168.84,110.07,Pendiente,793
CL0059,2024-01-07,2024-02-06,761.08,128.3,98.67,Pendiente,944
CL0059,2024-02-07,2024-03-08,209.03,51.99,42.72,Pagado,0
CL0059,2024-03-05,2024-04-04,785.25,127.81,104.86,Pagado,0
CL0059,2024-04-06,2024-05-06,801.36,150.03,127.11,Pagado,0
CL0059,2024-05-09,2024-06-08,324.63,67.32,49.88,Pendiente,821
CL0059,2024-06-06,2024-07-06,455.47,92.85,82.91,Pagado,0
CL0060,2024-01-10,2024-02-09,313.23,61.22,53.73,Pagado,0
CL0060,2024-02-04,2024-03-05,183.51,45.52,33.14,Pendiente,916
CL0060,2024-03-10,2024-04-09,503.43,102.9,100.53,Pagado,0
CL0060,2024-04-01,2024-05-01,610.57,111.05,81.08,Pendiente,859
CL0060,2024-05-09,2024-06-08,297.42,64.18,49.78,Pendiente,821
CL0060,2024-06-02,2024-07-02,850.5,147.23,84.7,Pendiente,797
CL0061,2024-01-06,2024-02-05,255.95,59.74,42.38,Pendiente,945
CL0061,2024-02-06,2024-03-07,376.61,81.77,69.13,Pagado,0
CL0061,2024-03-10,2024-04-09,522.89,88.16,74.5,Pagado,0
CL0061,2024-04-07,2024-05-07,487.84,97.38,75.4,Pendiente,853
CL0061,2024-05-07,2024-06-06,417.06,78.65,52.89,Pendiente,823
CL0061,2024-06-01,2024-07-01,909.45,156.45,150.19,Pagado,0
CL0062,2024-01-07,2024-02-06,463.26,96.03,84.24,Pagado,0
CL0062,2024-02-05,2024-03-06,236.1,50.01,32.29,Pendiente,915
CL0062,2024-03-03,2024-04-02,627.56,120.93,66.87,Pendiente,888
CL0062,2024-04-07,2024-05-07,612.83,139.1,112.67,Pagado,0
CL0062,2024-05-06,2024-06-05,429.16,103.46,81.44,Pendiente,824
CL0062,2024-06-02,2024-07-02,283.11,57.14,28.69,Pendiente,797
CL0063,2024-01-03,2024-02-02,586.19,133.08,113.63,Pagado,0
CL0063,2024-02-02,2024-03-03,634.55,138.83,74.8,Pendiente,918
CL0063,2024-03-04,2024-04-03,765.0,145.98,80.96,Pendiente,887
CL0063,2024-04-06,2024-05-06,487.3,101.13,70.01,Pendiente,854
CL0063,2024-05-09,2024-06-08,826.59,169.19,130.96,Pendiente,821
CL0063,2024-06-01,2024-07-01,386.32,84.93,54.42,Pendiente,798
CL0064,2024-01-03,2024-02-02,290.23,89.67,60.17,Pendiente,948
CL0064,2024-02-02,2024-03-03,526.44,147.99,116.64,Pendiente,918
CL0064,2024-03-05,2024-04-04,203.28,62.36,47.4,Pendiente,886
CL0064,2024-04-01,2024-05-01,418.14,111.37,109.29,Pagado,0
CL0064,2024-05-05,2024-06-04,485.02,130.94,112.77,Pagado,0
CL0064,2024-06-08,2024-07-08,625.65,170.72,149.77,Pagado,0
CL0065,2024-01-08,2024-02-07,198.24,76.19,75.04,Pagado,0
CL0065,2024-02-06,2024-03-07,606.49,170.08,97.51,Pendiente,914
CL0065,2024-03-09,2024-04-08,631.36,180.44,97.37,Pendiente,882
CL0065,2024-04-01,2024-05-01,686.08,183.23,168.27,Pagado,0
CL0065,2024-05-02,2024-06-01,546.69,144.59,111.69,Pendiente,828
CL0065,2024-06-08,2024-07-08,673.76,177.94,161.51,Pagado,0
CL0066,2024-01-03,2024-02-02,456.84,79.59,74.33,Pagado,0
CL0066,2024-02-09,2024-03-10,600.59,103.07,71.41,Pendiente,911
CL0066,2024-03-09,2024-04-08,451.55,95.96,74.79,Pendiente,882
CL0066,2024-04-08,2024-05-08,276.93,69.65,68.07,Pagado,0
CL0066,2024-05-08,2024-06-07,849.27,151.42,149.56,Pagado,0
CL0066,2024-06-02,2024-07-02,202.37,38.87,23.14,Pendiente,797
CL0067,2024-01-09,2024-02-08,381.73,62.39,53.29,Pagado,0
CL0067,2024-02-09,2024-03-10,522.49,107.61,74.83,Pendiente,911
CL0067,2024-03-09,2024-04-08,314.1,60.52,54.48,Pagado,0
CL0067,2024-04-01,2024-05-01,321.42,58.21,50.78,Pagado,0
CL0067,2024-05-08,2024-06-07,406.97,80.19,76.71,Pagado,0
CL0067,2024-06-08,2024-07-08,788.12,140.22,107.52,Pendiente,791
CL0068,2024-01-08,2024-02-07,856.0,152.65,111.32,Pendiente,943
CL0068,2024-02-07,2024-03-08,416.16,78.5,75.32,Pagado,0
CL0068,2024-03-02,2024-04-01,302.42,71.98,55.66,Pendiente,889
CL0068,2024-04-05,2024-05-05,307.23,63.28,43.21,Pendiente,855
CL0068,2024-05-01,2024-05-31,214.26,59.97,36.25,Pendiente,829
CL0068,2024-06-05,2024-07-05,501.67,100.59,52.43,Pendiente,794
CL0069,2024-01-07,2024-02-06,457.42,127.28,82.2,Pendiente,944
CL0069,2024-02-09,2024-03-10,327.22,108.01,105.77,Pagado,0
CL0069,2024-03-10,2024-04-09,419.35,113.94,71.45,Pendiente,881
CL0069,2024-04-04,2024-05-04,754.07,215.49,120.48,Pendiente,856
CL0069,2024-05-08,2024-06-07,729.45,202.08,124.61,Pendiente,822
CL0069,2024-06-06,2024-07-06,565.27,146.55,103.58,Pendiente,793
CL0070,2024-01-05,2024-02-04,727.47,197.13,165.49,Pagado,0
CL0070,2024-02-02,2024-03-03,353.75,116.12,109.29,Pagado,0
CL0070,2024-03-08,2024-04-07,722.28,185.58,128.44,Pendiente,883
CL0070,2024-04-05,2024-05-05,563.79,147.67,135.17,Pagado,0
CL0070,2024-05-08,2024-06-07,535.68,160.11,150.6,Pagado,0
CL0070,2024-06-02,2024-07-02,259.94,85.49,70.84,Pagado,0
CL0071,2024-01-02,2024-02-01,547.19,133.03,68.42,Pendiente,949
CL0071,2024-02-07,2024-03-08,480.79,116.35,73.18,Pendiente,913
CL0071,2024-03-08,2024-04-07,674.09,164.97,110.53,Pendiente,883
CL0071,2024-04-05,2024-05-05,544.96,126.5,119.09,Pagado,0
CL0071,2024-05-05,2024-06-04,214.3,63.02,45.09,Pendiente,825
CL0071,2024-06-04,2024-07-04,640.17,162.37,98.95,Pendiente,795
CL0072,2024-01-10,2024-02-09,317.62,88.42,55.12,Pendiente,941
CL0072,2024-02-06,2024-03-07,164.49,48.81,33.86,Pendiente,914
CL0072,2024-03-04,2024-04-03,282.95,91.59,85.2,Pagado,0
CL0072,2024-04-08,2024-05-08,305.13,95.57,81.7,Pagado,0
CL0072,2024-05-05,2024-06-04,482.54,126.26,71.2,Pendiente,825
CL0072,2024-05-31,2024-06-30,328.36,92.25,65.17,Pendiente,799
CL0073,2024-01-08,2024-02-07,322.06,80.38,68.8,Pagado,0
CL0073,2024-02-08,2024-03-09,493.24,118.32,109.21,Pagado,0
CL0073,2024-03-02,2024-04-01,721.81,173.25,87.38,Pendiente,889
CL0073,2024-04-08,2024-05-08,231.97,57.54,40.06,Pendiente,852
CL0073,2024-05-01,2024-05-31,501.99,115.75,101.54,Pagado,0
CL0073,2024-06-08,2024-07-08,542.42,132.21,101.29,Pendiente,791
CL0074,2024-01-02,2024-02-01,816.8,201.81,109.85,Pendiente,949
CL0074,2024-02-02,2024-03-03,670.1,166.38,162.47,Pagado,0
CL0074,2024-03-06,2024-04-05,179.72,57.0,44.59,Pendiente,885
CL0074,2024-04-06,2024-05-06,742.32,188.4,97.59,Pendiente,854
CL0074,2024-05-04,2024-06-03,723.85,174.18,153.72,Pagado,0
CL0074,2024-06-03,2024-07-03,729.51,181.59,163.82,Pagado,0
CL0075,2024-01-08,2024-02-07,603.24,117.08,67.04,Pendiente,943
CL0075,2024-02-09,2024-03-10,608.97,107.75,95.19,Pagado,0
CL0075,2024-03-08,2024-04-07,343.24,76.08,68.21,Pagado,0
CL0075,2024-04-04,2024-05-04,519.67,87.14,56.09,Pendiente,856
CL0075,2024-05-05,2024-06-04,551.78,102.25,97.01,Pagado,0
CL0075,2024-06-05,2024-07-05,684.5,127.69,66.69,Pendiente,794
CL0076,2024-01-05,2024-02-04,379.49,75.09,53.83,Pendiente,946
CL0076,2024-02-02,2024-03-03,693.7,122.29,68.95,Pendiente,918
CL0076,2024-03-10,2024-04-09,377.51,82.75,76.5,Pagado,0
CL0076,2024-04-03,2024-05-03,321.95,59.75,57.85,Pagado,0
CL0076,2024-05-09,2024-06-08,236.71,62.94,33.9,Pendiente,821
CL0076,2024-06-07,2024-07-07,556.62,106.88,77.3,Pendiente,792
CL0077,2024-01-03,2024-02-02,287.6,70.04,65.37,Pagado,0
CL0077,2024-02-04,2024-03-05,646.55,126.65,78.23,Pendiente,916
CL0077,2024-03-09,2024-04-08,311.71,82.35,47.21,Pendiente,882
CL0077,2024-04-06,2024-05-06,371.44,94.84,48.38,Pendiente,854
CL0077,2024-05-09,2024-06-08,445.53,90.38,87.38,Pagado,0
CL0077,2024-06-06,2024-07-06,295.9,81.12,42.05,Pendiente,793
CL0078,2024-01-07,2024-02-06,841.4,235.17,206.19,Pagado,0
CL0078,2024-02-07,2024-03-08,568.17,159.46,109.45,Pendiente,913
CL0078,2024-03-02,2024-04-01,532.83,145.55,109.23,Pendiente,889
CL0078,2024-04-01,2024-05-01,728.12,201.56,112.45,Pendiente,859
CL0078,2024-05-03,2024-06-02,363.64,109.48,105.34,Pagado,0
CL0078,2024-06-01,2024-07-01,349.32,111.74,61.83,Pendiente,798
CL0079,2024-01-07,2024-02-06,310.62,76.09,42.15,Pendiente,944
CL0079,2024-02-08,2024-03-09,584.2,151.22,99.29,Pendiente,912
CL0079,2024-03-10,2024-04-09,705.32,178.77,89.52,Pendiente,881
CL0079,2024-04-01,2024-05-01,477.34,116.17,108.78,Pagado,0
CL0079,2024-05-06,2024-06-05,266.19,85.27,53.27,Pendiente,824
CL0079,2024-06-06,2024-07-06,472.58,118.93,66.3,Pendiente,793
CL0080,2024-01-06,2024-02-05,366.66,69.7,45.78,Pendiente,945
CL0080,2024-02-07,2024-03-08,662.82,119.84,88.95,Pendiente,913
CL0080,2024-03-09,2024-04-08,497.62,90.65,88.95,Pagado,0
CL0080,2024-04-04,2024-05-04,676.16,124.52,70.88,Pendiente,856
CL0080,2024-05-02,2024-06-01,347.17,70.84,59.17,Pagado,0
CL0080,2024-06-04,2024-07-04,687.04,114.19,88.73,Pendiente,795
CL0081,2024-01-04,2024-02-03,762.89,123.69,75.09,Pendiente,947
CL0081,2024-02-01,2024-03-02,638.62,103.85,94.21,Pagado,0
CL0081,2024-03-02,2024-04-01,627.24,101.06,96.76,Pagado,0
CL0081,2024-04-04,2024-05-04,288.74,51.01,44.76,Pagado,0
CL0081,2024-05-02,2024-06-01,557.7,89.81,64.71,Pendiente,828
CL0081,2024-05-31,2024-06-30,541.39,100.1,93.36,Pagado,0
CL0082,2024-01-05,2024-02-04,658.48,190.78,110.57,Pendiente,946
CL0082,2024-02-03,2024-03-04,751.13,206.33,154.24,Pendiente,917
CL0082,2024-03-03,2024-04-02,250.36,90.39,51.02,Pendiente,888
CL0082,2024-04-09,2024-05-09,900.98,232.28,135.45,Pendiente,851
CL0082,2024-05-04,2024-06-03,594.65,172.78,94.79,Pendiente,826
CL0082,2024-06-08,2024-07-08,706.95,192.81,153.5,Pendiente,791
CL0083,2024-01-02,2024-02-01,613.66,98.25,88.76,Pagado,0
CL0083,2024-02-09,2024-03-10,701.18,110.73,96.34,Pagado,0
CL0083,2024-03-05,2024-04-04,561.4,105.25,85.11,Pagado,0
CL0083,2024-04-09,2024-05-09,200.79,36.1,35.49,Pagado,0
CL0083,2024-05-05,2024-06-04,551.58,104.24,56.75,Pendiente,825
CL0083,2024-06-02,2024-07-02,310.82,70.62,46.48,Pendiente,797
CL0084,2024-01-05,2024-02-04,741.28,119.97,104.32,Pagado,0
CL0084,2024-02-04,2024-03-05,390.12,69.94,49.3,Pendiente,916
CL0084,2024-03-09,2024-04-08,609.16,116.88,92.59,Pendiente,882
CL0084,2024-04-04,2024-05-04,265.74,47.04,33.01,Pendiente,856
CL0084,2024-05-01,2024-05-31,260.61,50.17,46.38,Pagado,0
CL0084,2024-06-03,2024-07-03,329.3,77.96,76.78,Pagado,0
CL0085,2024-01-05,2024-02-04,574.65,140.31,107.88,Pendiente,946
CL0085,2024-02-07,2024-03-08,437.72,105.95,89.54,Pagado,0
CL0085,2024-03-04,2024-04-03,392.5,101.08,67.02,Pendiente,887
CL0085,2024-04-01,2024-05-01,341.89,86.01,83.09,Pagado,0
CL0085,2024-05-04,2024-06-03,517.92,134.71,68.14,Pendiente,826
CL0085,2024-06-04,2024-07-04,372.14,109.29,89.94,Pagado,0
CL0086,2024-01-02,2024-02-01,600.92,156.86,105.41,Pendiente,949
CL0086,2024-02-01,2024-03-02,359.28,98.22,83.99,Pagado,0
CL0086,2024-03-08,2024-04-07,535.35,137.23,69.6,Pendiente,883
CL0086,2024-04-02,2024-05-02,608.79,145.41,98.0,Pendiente,858
CL0086,2024-05-05,2024-06-04,239.84,75.39,59.22,Pendiente,825
CL0086,2024-06-08,2024-07-08,785.14,184.02,147.97,Pagado,0
CL0087,2024-01-07,2024-02-06,325.36,59.96,42.72,Pendiente,944
CL0087,2024-02-05,2024-03-06,555.32,110.03,75.5,Pendiente,915
CL0087,2024-03-02,2024-04-01,411.2,70.44,68.42,Pagado,0
CL0087,2024-04-01,2024-05-01,897.74,160.76,86.15,Pendiente,859
CL0087,2024-05-04,2024-06-03,683.44,119.6,94.89,Pendiente,826
CL0087,2024-06-08,2024-07-08,658.46,114.21,111.67,Pagado,0
CL0088,2024-01-08,2024-02-07,270.37,77.96,71.93,Pagado,0
CL0088,2024-02-01,2024-03-02,610.96,141.84,72.56,Pendiente,919
CL0088,2024-03-09,2024-04-08,448.88,112.28,89.16,Pendiente,882
CL0088,2024-04-06,2024-05-06,173.07,62.36,58.54,Pagado,0
CL0088,2024-05-04,2024-06-03,584.12,138.86,89.95,Pendiente,826
CL0088,2024-06-08,2024-07-08,297.27,88.97,66.5,Pendiente,791
CL0089,2024-01-03,2024-02-02,392.89,82.23,65.02,Pendiente,948
CL0089,2024-02-05,2024-03-06,498.23,92.47,79.6,Pagado,0
CL0089,2024-03-10,2024-04-09,602.82,95.62,64.54,Pendiente,881
CL0089,2024-04-01,2024-05-01,305.2,59.61,30.41,Pendiente,859
CL0089,2024-05-06,2024-06-05,702.82,115.12,89.66,Pendiente,824
CL0089,2024-06-01,2024-07-01,386.87,77.83,68.03,Pagado,0
CL0090,2024-01-02,2024-02-01,628.15,164.35,133.58,Pagado,0
CL0090,2024-02-01,2024-03-02,497.17,126.65,124.06,Pagado,0
CL0090,2024-03-05,2024-04-04,185.38,49.68,33.52,Pendiente,886
CL0090,2024-04-01,2024-05-01,216.13,57.44,40.05,Pendiente,859
CL0090,2024-05-01,2024-05-31,367.76,97.32,68.4,Pendiente,829
CL0090,2024-06-03,2024-07-03,719.49,176.1,113.82,Pendiente,796
CL0091,2024-01-02,2024-02-01,646.82,106.67,65.8,Pendiente,949
CL0091,2024-02-05,2024-03-06,386.76,71.67,67.6,Pagado,0
CL0091,2024-03-04,2024-04-03,870.01,135.76,135.06,Pagado,0
CL0091,2024-04-09,2024-05-09,657.73,109.76,78.27,Pendiente,851
CL0091,2024-05-01,2024-05-31,749.54,139.63,128.24,Pagado,0
CL0091,2024-05-31,2024-06-30,304.19,74.08,48.63,Pendiente,799
CL0092,2024-01-10,2024-02-09,466.11,107.75,62.16,Pendiente,941
CL0092,2024-02-09,2024-03-10,716.64,174.49,134.81,Pendiente,911
CL0092,2024-03-04,2024-04-03,776.61,181.28,97.97,Pendiente,887
CL0092,2024-04-07,2024-05-07,206.22,66.47,52.43,Pendiente,853
CL0092,2024-05-01,2024-05-31,623.26,146.0,138.34,Pagado,0
CL0092,2024-06-08,2024-07-08,643.2,169.35,138.33,Pagado,0
CL0093,2024-01-09,2024-02-08,198.82,59.16,43.13,Pendiente,942
CL0093,2024-02-01,2024-03-02,628.66,173.42,99.13,Pendiente,919
CL0093,2024-03-10,2024-04-09,275.37,98.74,91.08,Pagado,0
CL0093,2024-04-02,2024-05-02,414.81,131.73,120.0,Pagado,0
CL0093,2024-05-07,2024-06-06,695.96,203.0,185.38,Pagado,0
CL0093,2024-06-01,2024-07-01,241.13,85.04,68.44,Pagado,0
CL0094,2024-01-05,2024-02-04,270.02,53.86,31.4,Pendiente,946
CL0094,2024-02-09,2024-03-10,391.19,71.25,51.42,Pendiente,911
CL0094,2024-03-08,2024-04-07,370.98,78.82,67.73,Pagado,0
CL0094,2024-04-08,2024-05-08,259.38,51.85,46.28,Pagado,0
CL0094,2024-05-02,2024-06-01,351.96,57.83,47.12,Pagado,0
CL0094,2024-06-06,2024-07-06,267.89,47.76,42.02,Pagado,0
CL0095,2024-01-08,2024-02-07,259.08,66.57,45.18,Pendiente,943
CL0095,2024-02-01,2024-03-02,548.53,143.07,135.05,Pagado,0
CL0095,2024-03-06,2024-04-05,305.74,94.33,71.95,Pendiente,885
CL0095,2024-04-04,2024-05-04,668.74,174.25,149.36,Pagado,0
CL0095,2024-05-04,2024-06-03,598.54,144.38,125.41,Pagado,0
CL0095,2024-06-07,2024-07-07,560.55,136.2,73.26,Pendiente,792
CL0096,2024-01-02,2024-02-01,895.06,163.48,101.94,Pendiente,949
CL0096,2024-02-07,2024-03-08,231.81,50.45,28.14,Pendiente,913
CL0096,2024-03-08,2024-04-07,261.68,62.89,43.64,Pendiente,883
CL0096,2024-04-01,2024-05-01,644.86,126.29,96.72,Pendiente,859
CL0096,2024-05-06,2024-06-05,561.85,101.57,71.78,Pendiente,824
CL0096,2024-05-31,2024-06-30,317.86,66.04,33.96,Pendiente,799
CL0097,2024-01-06,2024-02-05,716.88,158.59,106.19,Pendiente,945
CL0097,2024-02-04,2024-03-05,473.75,90.74,85.35,Pagado,0
CL0097,2024-03-07,2024-04-06,556.3,112.32,101.0,Pagado,0
CL0097,2024-04-07,2024-05-07,415.93,99.35,93.45,Pagado,0
CL0097,2024-05-02,2024-06-01,322.3,76.76,73.19,Pagado,0
CL0097,2024-06-08,2024-07-08,456.54,107.85,89.28,Pagado,0
CL0098,2024-01-06,2024-02-05,460.65,137.03,69.14,Pendiente,945
CL0098,2024-02-08,2024-03-09,608.05,174.67,91.73,Pendiente,912
CL0098,2024-03-02,2024-04-01,486.95,127.18,116.25,Pagado,0
CL0098,2024-04-04,2024-05-04,357.05,95.43,66.9,Pendiente,856
CL0098,2024-05-08,2024-06-07,371.75,98.76,95.6,Pagado,0
CL0098,2024-06-05,2024-07-05,457.61,129.15,101.75,Pendiente,794
CL0099,2024-01-09,2024-02-08,374.31,96.36,60.55,Pendiente,942
CL0099,2024-02-08,2024-03-09,304.13,96.34,71.04,Pendiente,912
CL0099,2024-03-10,2024-04-09,418.15,106.34,97.04,Pagado,0
CL0099,2024-04-06,2024-05-06,688.92,163.04,91.51,Pendiente,854
CL0099,2024-05-04,2024-06-03,378.87,97.79,85.48,Pagado,0
CL0099,2024-06-06,2024-07-06,420.32,112.89,68.01,Pendiente,793
CL0100,2024-01-10,2024-02-09,387.48,102.96,87.65,Pagado,0
CL0100,2024-02-03,2024-03-04,712.67,193.64,191.28,Pagado,0
CL0100,2024-03-05,2024-04-04,390.38,110.32,66.55,Pendiente,886
CL0100,2024-04-05,2024-05-05,224.96,62.71,35.04,Pendiente,855
CL0100,2024-05-04,2024-06-03,776.94,222.2,173.83,Pendiente,826
CL0100,2024-06-02,2024-07-02,687.19,192.63,174.59,Pagado,0
CL0101,2024-01-07,2024-02-06,725.1,189.02,113.38,Pendiente,944
CL0101,2024-02-04,2024-03-05,451.43,110.1,87.0,Pendiente,916
CL0101,2024-03-10,2024-04-09,437.94,107.78,54.73,Pendiente,881
CL0101,2024-04-02,2024-05-02,546.48,148.78,81.35,Pendiente,858
CL0101,2024-05-09,2024-06-08,326.32,94.85,83.29,Pagado,0
CL0101,2024-05-31,2024-06-30,192.56,63.96,57.36,Pagado,0
CL0102,2024-01-02,2024-02-01,584.7,107.17,55.55,Pendiente,949
CL0102,2024-02-04,2024-03-05,346.65,81.38,64.38,Pendiente,916
CL0102,2024-03-07,2024-04-06,376.31,75.33,61.72,Pagado,0
CL0102,2024-04-08,2024-05-08,262.09,49.2,41.61,Pagado,0
CL0102,2024-05-09,2024-06-08,255.77,49.14,36.47,Pendiente,821
CL0102,2024-06-07,2024-07-07,275.65,55.82,47.45,Pagado,0
CL0103,2024-01-05,2024-02-04,433.31,99.1,72.77,Pendiente,946
CL0103,2024-02-02,2024-03-03,281.57,70.85,54.49,Pendiente,918
CL0103,2024-03-09,2024-04-08,667.49,133.59,89.77,Pendiente,882
CL0103,2024-04-04,2024-05-04,460.65,90.59,60.94,Pendiente,856
CL0103,2024-05-01,2024-05-31,458.46,92.31,46.88,Pendiente,829
CL0103,2024-06-06,2024-07-06,637.38,123.55,111.92,Pagado,0
CL0104,2024-01-03,2024-02-02,422.97,99.96,79.3,Pendiente,948
CL0104,2024-02-04,2024-03-05,565.76,136.05,122.87,Pagado,0
CL0104,2024-03-03,2024-04-02,430.56,109.4,92.27,Pagado,0
CL0104,2024-04-03,2024-05-03,450.48,114.04,72.52,Pendiente,857
CL0104,2024-05-01,2024-05-31,560.37,151.73,120.15,Pendiente,829
CL0104,2024-05-31,2024-06-30,669.34,169.95,86.6,Pendiente,799
CL0105,2024-01-10,2024-02-09,270.46,49.09,43.5,Pagado,0
CL0105,2024-02-09,2024-03-10,846.37,141.24,110.62,Pendiente,911
CL0105,2024-03-04,2024-04-03,749.48,140.79,88.93,Pendiente,887
CL0105,2024-04-06,2024-05-06,300.07,54.07,42.69,Pendiente,854
CL0105,2024-05-03,2024-06-02,203.05,56.04,28.95,Pendiente,827
CL0105,2024-06-06,2024-07-06,217.02,58.02,39.56,Pendiente,793
CL0106,2024-01-10,2024-02-09,356.85,96.07,63.75,Pendiente,941
CL0106,2024-02-08,2024-03-09,411.41,124.39,62.57,Pendiente,912
CL0106,2024-03-05,2024-04-04,764.34,213.86,115.1,Pendiente,886
CL0106,2024-04-08,2024-05-08,418.45,114.14,98.7,Pagado,0
CL0106,2024-05-02,2024-06-01,328.22,93.57,88.41,Pagado,0
CL0106,2024-06-07,2024-07-07,245.31,71.33,53.86,Pendiente,792
CL0107,2024-01-08,2024-02-07,331.96,72.78,38.25,Pendiente,943
CL0107,2024-02-09,2024-03-10,255.57,65.3,62.92,Pagado,0
CL0107,2024-03-08,2024-04-07,566.03,112.59,71.47,Pendiente,883
CL0107,2024-04-06,2024-05-06,352.85,83.57,74.39,Pagado,0
CL0107,2024-05-08,2024-06-07,228.24,50.58,26.62,Pendiente,822
CL0107,2024-06-02,2024-07-02,405.44,79.7,60.68,Pendiente,797
CL0108,2024-01-04,2024-02-03,569.45,151.01,147.63,Pagado,0
CL0108,2024-02-01,2024-03-02,335.05,97.87,88.49,Pagado,0
CL0108,2024-03-02,2024-04-01,866.13,245.32,184.38,Pendiente,889
CL0108,2024-04-03,2024-05-03,446.69,129.93,115.34,Pagado,0
CL0108,2024-05-02,2024-06-01,427.21,113.19,89.45,Pendiente,828
CL0108,2024-06-01,2024-07-01,645.91,185.79,161.19,Pagado,0
CL0109,2024-01-06,2024-02-05,548.6,142.56,134.98,Pagado,0
CL0109,2024-02-09,2024-03-10,750.97,195.78,154.91,Pendiente,911
CL0109,2024-03-08,2024-04-07,196.19,64.92,56.72,Pagado,0
CL0109,2024-04-02,2024-05-02,416.3,126.6,64.47,Pendiente,858
CL0109,2024-05-09,2024-06-08,237.42,80.0,62.27,Pendiente,821
CL0109,2024-06-01,2024-07-01,746.3,205.33,193.12,Pagado,0
CL0110,2024-01-05,2024-02-04,461.85,77.66,76.27,Pagado,0
CL0110,2024-02-07,2024-03-08,822.54,138.71,82.31,Pendiente,913
CL0110,2024-03-03,2024-04-02,205.74,44.54,27.5,Pendiente,888
CL0110,2024-04-06,2024-05-06,663.19,110.87,86.75,Pendiente,854
CL0110,2024-05-04,2024-06-03,667.21,111.23,88.7,Pendiente,826
CL0110,2024-06-04,2024-07-04,383.69,79.96,66.91,Pagado,0
CL0111,2024-01-08,2024-02-07,636.67,163.96,136.51,Pagado,0
CL0111,2024-02-03,2024-03-04,404.58,103.03,102.74,Pagado,0
CL0111,2024-03-04,2024-04-03,336.44,92.95,64.2,Pendiente,887
CL0111,2024-04-06,2024-05-06,750.89,174.94,124.52,Pendiente,854
CL0111,2024-05-06,2024-06-05,580.68,141.25,76.7,Pendiente,824
CL0111,2024-06-04,2024-07-04,339.6,89.0,65.38,Pendiente,795
CL0112,2024-01-02,2024-02-01,578.03,109.45,82.34,Pendiente,949
CL0112,2024-02-02,2024-03-03,205.8,58.26,37.91,Pendiente,918
CL0112,2024-03-10,2024-04-09,439.78,85.2,44.53,Pendiente,881
CL0112,2024-04-06,2024-05-06,245.65,65.61,55.42,Pagado,0
CL0112,2024-05-05,2024-06-04,171.09,32.26,22.66,Pendiente,825
CL0112,2024-06-06,2024-07-06,589.54,98.77,83.13,Pagado,0
CL0113,2024-01-03,2024-02-02,590.03,132.8,92.42,Pendiente,948
CL0113,2024-02-09,2024-03-10,525.0,113.02,101.99,Pagado,0
CL0113,2024-03-07,2024-04-06,689.86,143.55,136.1,Pagado,0
CL0113,2024-04-04,2024-05-04,317.62,86.73,69.81,Pagado,0
CL0113,2024-05-01,2024-05-31,475.68,100.97,80.95,Pagado,0
CL0113,2024-06-02,2024-07-02,582.78,124.24,118.66,Pagado,0
CL0114,2024-01-07,2024-02-06,898.71,175.7,118.14,Pendiente,944
CL0114,2024-02-05,2024-03-06,395.38,82.26,63.97,Pendiente,915
CL0114,2024-03-02,2024-04-01,214.28,51.26,27.55,Pendiente,889
CL0114,2024-04-01,2024-05-01,543.43,125.93,92.25,Pendiente,859
CL0114,2024-05-03,2024-06-02,295.03,65.71,53.33,Pagado,0
CL0114,2024-06-08,2024-07-08,230.8,50.83,37.4,Pendiente,791
CL0115,2024-01-06,2024-02-05,628.88,122.16,82.88,Pendiente,945
CL0115,2024-02-02,2024-03-03,459.22,89.47,84.15,Pagado,0
CL0115,2024-03-09,2024-04-08,194.4,59.86,32.19,Pendiente,882
CL0115,2024-04-01,2024-05-01,670.34,146.59,118.87,Pagado,0
CL0115,2024-05-07,2024-06-06,434.11,107.93,102.93,Pagado,0
CL0115,2024-06-05,2024-07-05,525.46,122.72,111.07,Pagado,0
CL0116,2024-01-09,2024-02-08,330.08,83.64,65.39,Pendiente,942
CL0116,2024-02-06,2024-03-07,443.15,105.53,101.39,Pagado,0
CL0116,2024-03-05,2024-04-04,889.3,168.66,132.6,Pendiente,886
CL0116,2024-04-08,2024-05-08,519.58,104.79,79.17,Pendiente,852
CL0116,2024-05-07,2024-06-06,663.26,131.01,114.49,Pagado,0
CL0116,2024-06-03,2024-07-03,519.0,101.43,88.79,Pagado,0
CL0117,2024-01-04,2024-02-03,843.37,223.42,163.58,Pendiente,947
CL0117,2024-02-09,2024-03-10,543.54,159.32,122.94,Pendiente,911
CL0117,2024-03-09,2024-04-08,206.98,75.97,61.23,Pagado,0
CL0117,2024-04-07,2024-05-07,262.21,82.58,71.72,Pagado,0
CL0117,2024-05-08,2024-06-07,520.69,153.19,129.76,Pagado,0
CL0117,2024-05-31,2024-06-30,374.41,118.94,59.81,Pendiente,799
CL0118,2024-01-09,2024-02-08,377.6,89.51,59.1,Pendiente,942
CL0118,2024-02-08,2024-03-09,844.29,172.8,90.06,Pendiente,912
CL0118,2024-03-09,2024-04-08,698.62,132.13,117.94,Pagado,0
CL0118,2024-04-02,2024-05-02,381.87,91.33,52.78,Pendiente,858
CL0118,2024-05-07,2024-06-06,561.47,116.72,65.88,Pendiente,823
CL0118,2024-06-07,2024-07-07,690.12,139.61,94.37,Pendiente,792
CL0119,2024-01-10,2024-02-09,460.38,113.75,66.28,Pendiente,941
CL0119,2024-02-03,2024-03-04,499.99,120.95,95.92,Pendiente,917
CL0119,2024-03-09,2024-04-08,602.28,155.4,103.88,Pendiente,882
CL0119,2024-04-03,2024-05-03,285.59,91.24,81.46,Pagado,0
CL0119,2024-05-02,2024-06-01,670.27,165.67,143.1,Pagado,0
CL0119,2024-06-05,2024-07-05,325.75,89.67,75.39,Pagado,0
CL0120,2024-01-09,2024-02-08,404.31,71.72,70.15,Pagado,0
CL0120,2024-02-02,2024-03-03,410.2,72.78,68.28,Pagado,0
CL0120,2024-03-06,2024-04-05,760.19,136.95,118.47,Pagado,0
CL0120,2024-04-06,2024-05-06,252.94,50.56,48.37,Pagado,0
CL0120,2024-05-07,2024-06-06,598.66,101.65,73.56,Pendiente,823
CL0120,2024-06-07,2024-07-07,392.69,84.1,52.06,Pendiente,792
